id,first_name,last_name,email,gender,ip_address
1,Celesta,Draayer,cdraayer0@liveinternet.ru,Female,45.168.238.17
2,Johannah,Laye,jlaye1@netlog.com,Female,122.238.62.76
3,Hansiain,Philpot,hphilpot2@moonfruit.com,Male,239.134.211.86
4,Corri,Muehler,cmuehler3@free.fr,Female,181.125.144.193
5,Bruis,Luscott,bluscott4@abc.net.au,Male,147.186.63.154
6,Barnett,Monelli,bmonelli5@weibo.com,Male,164.220.217.65
7,Ursa,Walkden,uwalkden6@accuweather.com,Female,242.107.19.130
8,Christoffer,Bourley,cbourley7@cmu.edu,Male,56.154.183.129
9,Prudence,Esseby,pesseby8@yale.edu,Female,54.151.221.128
10,Bruno,McCandless,bmccandless9@npr.org,Male,128.175.26.248
11,Barbi,Antwis,bantwisa@salon.com,Female,218.170.18.157
12,Daryn,MacEvilly,dmacevillyb@who.int,Female,108.15.230.189
13,Lock,Vail,lvailc@jiathis.com,Male,111.94.213.221
14,Irvin,Aronov,iaronovd@state.gov,Male,65.48.195.174
15,Quincey,Allitt,qallitte@angelfire.com,Male,44.239.64.84
16,Ryun,Reinhard,rreinhardf@plala.or.jp,Male,128.177.61.116
17,Mathilda,Hutchason,mhutchasong@cnet.com,Female,7.4.195.247
18,Melva,Northleigh,mnorthleighh@com.com,Female,160.181.133.245
19,Sharyl,McAree,smcareei@wired.com,Female,149.120.29.170
20,Audra,Askem,aaskemj@nymag.com,Female,22.136.169.135
21,Louisa,Montague,lmontaguek@fastcompany.com,Female,215.85.174.108
22,Ozzie,Nouch,onouchl@nbcnews.com,Male,249.133.63.105
23,Alejandro,Gourdon,agourdonm@bing.com,Male,196.156.75.74
24,Cedric,Scotson,cscotsonn@state.tx.us,Male,96.151.28.83
25,Rozele,Fountian,rfountiano@state.tx.us,Female,62.120.248.225
26,Ronda,Merrgen,rmerrgenp@google.pl,Female,27.50.13.31
27,Vincenty,Rakes,vrakesq@wp.com,Male,132.105.207.207
28,Brew,Ariss,barissr@ucoz.ru,Male,17.240.51.226
29,Bryant,Crombleholme,bcrombleholmes@technorati.com,Male,254.1.68.105
30,Claudio,Trodd,ctroddt@webnode.com,Male,127.96.142.189
31,Noach,Tschursch,ntschurschu@time.com,Male,107.193.123.32
32,Dido,Daile,ddailev@state.gov,Female,41.146.145.234
33,Johnny,Bark,jbarkw@digg.com,Male,167.135.26.232
34,Parke,Bortolomei,pbortolomeix@salon.com,Male,39.248.193.181
35,Bernarr,Paddock,bpaddocky@godaddy.com,Male,84.96.64.113
36,Renaud,Farquharson,rfarquharsonz@cocolog-nifty.com,Male,176.155.100.29
37,Dorolisa,Shrubb,dshrubb10@about.com,Female,132.137.148.1
38,Fallon,Kildale,fkildale11@flickr.com,Female,150.231.177.59
39,Nikos,Grigsby,ngrigsby12@sogou.com,Male,174.150.81.198
40,Cornelia,Shiel,cshiel13@redcross.org,Female,168.28.228.245
41,Corenda,Artin,cartin14@aboutads.info,Female,41.246.120.41
42,Eduardo,Lowings,elowings15@e-recht24.de,Male,232.108.121.86
43,Eleonore,Larman,elarman16@va.gov,Female,11.19.176.162
44,Mylo,Plose,mplose17@usgs.gov,Male,209.99.200.237
45,Aloise,De Carlo,adecarlo18@people.com.cn,Female,205.148.193.232
46,Helenelizabeth,Kesley,hkesley19@reddit.com,Female,109.29.29.60
47,Tades,McGarrahan,tmcgarrahan1a@amazon.co.uk,Male,97.166.43.212
48,Evy,Gelder,egelder1b@bloglovin.com,Female,253.122.224.181
49,Graig,Lage,glage1c@latimes.com,Male,37.226.239.174
50,Georgie,Yarnley,gyarnley1d@nps.gov,Male,238.60.49.198
51,Tamqrah,Marvin,tmarvin1e@prlog.org,Female,110.27.125.171
52,Emmy,Heys,eheys1f@dagondesign.com,Female,64.228.189.137
53,Willy,Picott,wpicott1g@washington.edu,Male,28.15.193.194
54,Alida,Lesley,alesley1h@boston.com,Female,123.97.91.141
55,Wallache,Henkmann,whenkmann1i@miibeian.gov.cn,Male,52.176.159.46
56,Ruy,Meryett,rmeryett1j@storify.com,Male,54.142.133.1
57,Henrietta,Burnall,hburnall1k@mac.com,Female,208.154.3.196
58,Hank,Tipling,htipling1l@springer.com,Male,193.95.49.118
59,Abbot,Shaddick,ashaddick1m@hibu.com,Male,232.110.170.188
60,Carlen,Cristofolo,ccristofolo1n@cdc.gov,Female,140.112.249.157
61,Rosmunda,Stairmand,rstairmand1o@angelfire.com,Female,159.160.62.120
62,Arlie,Dyett,adyett1p@google.es,Female,69.244.12.181
63,Des,Tebboth,dtebboth1q@sogou.com,Male,71.113.48.200
64,Giralda,Yorston,gyorston1r@elpais.com,Female,74.178.40.155
65,Claybourne,Stallworth,cstallworth1s@sourceforge.net,Male,161.149.248.9
66,Ferd,Staden,fstaden1t@netscape.com,Male,224.18.217.14
67,Viva,Kenningham,vkenningham1u@tripadvisor.com,Female,216.128.36.147
68,Annadiana,Bosma,abosma1v@fc2.com,Female,54.248.97.34
69,Shoshana,Dedney,sdedney1w@tuttocitta.it,Female,117.72.200.186
70,Valentin,McAtamney,vmcatamney1x@shinystat.com,Male,16.43.68.130
71,Kasey,Pittock,kpittock1y@kickstarter.com,Female,190.15.19.35
72,Miner,Ells,mells1z@moonfruit.com,Male,34.175.227.91
73,Polly,Normanville,pnormanville20@phpbb.com,Female,190.55.151.87
74,Franky,Mico,fmico21@thetimes.co.uk,Male,191.225.62.171
75,Lacey,Rodders,lrodders22@baidu.com,Female,164.254.140.126
76,Kaitlin,Beardshaw,kbeardshaw23@unesco.org,Female,85.224.157.248
77,Willy,Twittey,wtwittey24@wordpress.org,Male,206.80.208.195
78,Nerita,Pendered,npendered25@pen.io,Female,143.11.212.159
79,Conrade,Mordy,cmordy26@infoseek.co.jp,Male,12.225.186.215
80,Angelico,Fullard,afullard27@lycos.com,Male,127.220.183.130
81,Camella,Mushart,cmushart28@economist.com,Female,53.195.51.68
82,Taylor,Claiton,tclaiton29@census.gov,Male,111.248.255.41
83,Sibbie,Balasini,sbalasini2a@npr.org,Female,58.38.202.56
84,Corrine,Wasbey,cwasbey2b@deliciousdays.com,Female,97.210.18.200
85,Broddy,Silverlock,bsilverlock2c@craigslist.org,Male,83.115.123.135
86,Peta,Machen,pmachen2d@goo.gl,Female,133.38.103.39
87,Bruis,Helstrom,bhelstrom2e@netlog.com,Male,162.47.132.36
88,Myron,Ion,mion2f@flavors.me,Male,234.38.146.218
89,Gasparo,Annett,gannett2g@parallels.com,Male,7.217.27.71
90,Rodd,Stairmand,rstairmand2h@deliciousdays.com,Male,10.99.87.99
91,Wendy,Ballam,wballam2i@devhub.com,Female,16.46.58.67
92,Carlyle,Scola,cscola2j@dot.gov,Male,191.170.132.197
93,Brandise,Freke,bfreke2k@intel.com,Female,124.24.85.161
94,Geneva,Papa,gpapa2l@xrea.com,Female,68.180.103.208
95,Corny,Malyon,cmalyon2m@webmd.com,Male,173.90.206.49
96,Margalo,Dufore,mdufore2n@sina.com.cn,Female,62.189.68.72
97,Arlena,De Roberto,aderoberto2o@biblegateway.com,Female,82.123.207.36
98,Burgess,Smewings,bsmewings2p@bloglines.com,Male,159.151.208.218
99,Prent,Crommett,pcrommett2q@mediafire.com,Male,45.150.23.170
100,Everett,Dibbs,edibbs2r@admin.ch,Male,15.17.155.193
101,Fae,Jacobson,fjacobson2s@usa.gov,Female,158.216.210.16
102,Blakeley,Lugg,blugg2t@bloglovin.com,Female,43.96.172.125
103,Lew,Trye,ltrye2u@merriam-webster.com,Male,178.246.39.108
104,Price,Crottagh,pcrottagh2v@jugem.jp,Male,132.132.47.113
105,Gearard,Curphey,gcurphey2w@forbes.com,Male,163.65.103.127
106,Damon,Wigmore,dwigmore2x@globo.com,Male,221.146.35.95
107,Dottie,Gianullo,dgianullo2y@biblegateway.com,Female,39.233.45.149
108,Gage,Newgrosh,gnewgrosh2z@biglobe.ne.jp,Male,29.117.4.179
109,Markus,Dekeyser,mdekeyser30@photobucket.com,Male,60.252.52.122
110,Kelby,Testro,ktestro31@live.com,Male,20.223.125.60
111,Conn,Gilyatt,cgilyatt32@free.fr,Male,63.87.83.52
112,Scarlet,Brass,sbrass33@jugem.jp,Female,117.92.7.2
113,Russell,Abethell,rabethell34@weebly.com,Male,136.225.229.176
114,Carlen,Hansmann,chansmann35@buzzfeed.com,Female,115.111.115.53
115,Glynnis,Keri,gkeri36@weather.com,Female,249.171.184.25
116,Haslett,Guidelli,hguidelli37@constantcontact.com,Male,146.17.72.188
117,Bud,Wicken,bwicken38@time.com,Male,115.146.29.20
118,Rancell,Veeler,rveeler39@typepad.com,Male,106.232.146.234
119,Berry,Tarbert,btarbert3a@csmonitor.com,Female,27.96.145.130
120,Robby,Eim,reim3b@omniture.com,Female,45.230.204.125
121,Aurilia,Gebbie,agebbie3c@nasa.gov,Female,139.9.251.236
122,Melisande,McKevany,mmckevany3d@about.com,Female,107.31.28.56
123,Silvester,Smitham,ssmitham3e@macromedia.com,Male,217.222.162.250
124,Nedi,Macvey,nmacvey3f@goodreads.com,Female,5.132.2.161
125,Paulie,Hewertson,phewertson3g@biblegateway.com,Male,41.174.70.64
126,Roderic,Kynge,rkynge3h@rambler.ru,Male,68.128.139.149
127,Stewart,Pensom,spensom3i@hatena.ne.jp,Male,212.41.18.251
128,Margot,Moiser,mmoiser3j@blogspot.com,Female,23.61.85.158
129,Emlen,Aubry,eaubry3k@ed.gov,Male,72.183.172.127
130,Peirce,Morffew,pmorffew3l@sina.com.cn,Male,77.216.142.123
131,Brook,Ferrige,bferrige3m@ucoz.com,Male,136.61.156.213
132,Bonny,Deas,bdeas3n@google.co.uk,Female,25.152.232.69
133,Humfrey,Weekes,hweekes3o@example.com,Male,78.176.111.156
134,Karylin,Billison,kbillison3p@wufoo.com,Female,125.4.59.135
135,Saidee,Fyfe,sfyfe3q@oaic.gov.au,Female,31.140.83.119
136,Skylar,Filimore,sfilimore3r@yahoo.co.jp,Male,196.152.0.240
137,Hernando,Fealty,hfealty3s@apple.com,Male,9.192.251.76
138,Yorgo,Wattam,ywattam3t@illinois.edu,Male,110.229.32.193
139,Wallie,Cranfield,wcranfield3u@buzzfeed.com,Female,141.172.110.231
140,Beitris,Wilford,bwilford3v@tumblr.com,Female,201.112.122.80
141,Hewet,O'Deoran,hodeoran3w@digg.com,Male,5.39.127.93
142,Margalo,Pauling,mpauling3x@oaic.gov.au,Female,53.198.84.84
143,Onofredo,Jeavon,ojeavon3y@state.gov,Male,197.83.82.83
144,Clevie,Mellings,cmellings3z@gnu.org,Male,100.89.63.131
145,Louis,Mettrick,lmettrick40@yahoo.com,Male,253.59.178.59
146,Shannon,Foxall,sfoxall41@jimdo.com,Female,56.104.151.175
147,Ashli,Biernacki,abiernacki42@epa.gov,Female,222.76.194.220
148,Helenka,Basset,hbasset43@cdbaby.com,Female,71.183.211.96
149,Padgett,Stockell,pstockell44@theatlantic.com,Male,232.250.240.154
150,Mervin,Mathes,mmathes45@cisco.com,Male,163.184.194.164
151,Taite,Chasteau,tchasteau46@thetimes.co.uk,Male,138.47.111.88
152,Celisse,Paule,cpaule47@sogou.com,Female,28.14.105.15
153,Manuel,Szimoni,mszimoni48@liveinternet.ru,Male,141.167.197.217
154,Wallis,Thraves,wthraves49@wp.com,Male,9.59.66.53
155,Noelyn,Turfs,nturfs4a@nationalgeographic.com,Female,247.97.99.146
156,Vivi,Alexsandrev,valexsandrev4b@paginegialle.it,Female,46.143.180.198
157,Pammi,Webster,pwebster4c@behance.net,Female,53.250.183.111
158,Sylvester,Dedman,sdedman4d@w3.org,Male,129.187.220.155
159,Holly,Gounin,hgounin4e@godaddy.com,Male,21.176.155.208
160,Moshe,Aleksandrov,maleksandrov4f@jigsy.com,Male,221.108.150.21
161,Lori,Luff,lluff4g@cbc.ca,Female,184.70.135.159
162,Clarice,McKernon,cmckernon4h@thetimes.co.uk,Female,241.181.39.122
163,Jami,Dismore,jdismore4i@answers.com,Female,186.73.90.67
164,Garek,Ramsey,gramsey4j@hhs.gov,Male,65.181.34.87
165,Fonz,Klulisek,fklulisek4k@livejournal.com,Male,5.255.183.154
166,Lisbeth,Coules,lcoules4l@artisteer.com,Female,216.27.123.235
167,Julie,Clerk,jclerk4m@prlog.org,Male,116.70.181.242
168,Chuck,Bathow,cbathow4n@cloudflare.com,Male,190.57.17.111
169,Christiano,Nutman,cnutman4o@auda.org.au,Male,161.123.226.201
170,Denys,Hargey,dhargey4p@marriott.com,Male,89.92.140.42
171,Eirena,Bryer,ebryer4q@taobao.com,Female,101.255.135.90
172,Daisey,Sloyan,dsloyan4r@cdc.gov,Female,3.137.229.29
173,Bud,Dobbson,bdobbson4s@imdb.com,Male,91.210.129.22
174,Nina,Martygin,nmartygin4t@360.cn,Female,62.168.45.246
175,Sandi,Barham,sbarham4u@t.co,Female,183.114.199.97
176,Leonore,Purton,lpurton4v@weebly.com,Female,203.6.146.108
177,Ignace,Tomaszkiewicz,itomaszkiewicz4w@utexas.edu,Male,107.200.248.80
178,Bonny,Mighele,bmighele4x@answers.com,Female,131.134.125.27
179,Ferguson,Elleyne,felleyne4y@canalblog.com,Male,114.137.245.63
180,Wit,de Merida,wdemerida4z@yellowpages.com,Male,85.43.143.133
181,Bartlett,Gaythwaite,bgaythwaite50@mapy.cz,Male,6.113.113.211
182,Ric,McDonough,rmcdonough51@exblog.jp,Male,20.142.167.183
183,Greg,Bevington,gbevington52@spiegel.de,Male,120.76.167.90
184,Tommy,Jamieson,tjamieson53@uiuc.edu,Male,26.214.90.10
185,Heidi,Mockes,hmockes54@nytimes.com,Female,162.240.41.208
186,Cortie,Studeart,cstudeart55@psu.edu,Male,218.241.217.56
187,Clint,Ebanks,cebanks56@e-recht24.de,Male,26.44.129.190
188,Jamey,Tyndall,jtyndall57@blogtalkradio.com,Male,203.98.20.50
189,Modestia,Loughan,mloughan58@marketwatch.com,Female,172.112.163.19
190,Arline,Hosten,ahosten59@blogtalkradio.com,Female,108.117.26.135
191,Derek,Berzen,dberzen5a@posterous.com,Male,107.102.9.215
192,Aubry,Faire,afaire5b@liveinternet.ru,Female,198.125.156.110
193,Hollis,Chessell,hchessell5c@paypal.com,Male,179.202.224.65
194,Stephan,Grayham,sgrayham5d@squidoo.com,Male,81.206.70.31
195,Arvin,Webborn,awebborn5e@youtube.com,Male,158.140.225.234
196,Morgen,Mateescu,mmateescu5f@unblog.fr,Female,161.207.46.116
197,Gail,Roderighi,groderighi5g@1688.com,Female,70.224.154.244
198,Rubina,Lamberts,rlamberts5h@g.co,Female,206.133.186.18
199,Tremayne,Shaplin,tshaplin5i@is.gd,Male,11.109.17.112
200,Carmita,Genge,cgenge5j@fastcompany.com,Female,67.115.7.149
201,Winnifred,Roj,wroj5k@ihg.com,Female,15.43.15.248
202,Abel,Brighty,abrighty5l@miibeian.gov.cn,Male,254.125.180.134
203,Bayard,Inkles,binkles5m@tmall.com,Male,243.222.142.13
204,Cheryl,Atwool,catwool5n@squarespace.com,Female,209.236.181.213
205,Hubie,Fant,hfant5o@slate.com,Male,241.72.150.230
206,Veronique,McTrustrie,vmctrustrie5p@g.co,Female,51.206.160.140
207,Flory,Pawnsford,fpawnsford5q@fotki.com,Female,238.7.133.166
208,Dacy,Cleiment,dcleiment5r@rediff.com,Female,244.228.204.117
209,Lauralee,Ledram,lledram5s@nationalgeographic.com,Female,4.107.183.151
210,Tiebout,Jeaneau,tjeaneau5t@prweb.com,Male,35.129.61.76
211,Merilee,Stait,mstait5u@dion.ne.jp,Female,159.208.174.161
212,Emlynn,Morrid,emorrid5v@ning.com,Female,106.18.40.107
213,Stormi,Ashlin,sashlin5w@sina.com.cn,Female,52.92.185.64
214,Jimmy,Morriarty,jmorriarty5x@timesonline.co.uk,Male,36.15.162.248
215,Daloris,Haining,dhaining5y@reverbnation.com,Female,216.72.214.66
216,Vincents,Scullard,vscullard5z@drupal.org,Male,209.92.133.57
217,Lanette,Jepensen,ljepensen60@home.pl,Female,213.152.73.156
218,Cory,Bonhomme,cbonhomme61@princeton.edu,Female,25.161.137.44
219,Joyann,Scoggins,jscoggins62@earthlink.net,Female,101.37.41.20
220,Alfred,Libbis,alibbis63@ox.ac.uk,Male,129.245.57.188
221,Jerrilee,Jandl,jjandl64@skype.com,Female,115.16.78.84
222,Bobbie,Shewon,bshewon65@bing.com,Female,254.248.81.6
223,Neville,Tappington,ntappington66@google.com.au,Male,72.143.1.21
224,Genny,Capelen,gcapelen67@soundcloud.com,Female,138.108.67.20
225,Haroun,Barkus,hbarkus68@about.me,Male,149.67.225.240
226,Cash,Ghilardi,cghilardi69@toplist.cz,Male,22.210.141.188
227,Rica,Davenell,rdavenell6a@com.com,Female,145.145.186.43
228,Brittni,Sandifer,bsandifer6b@chronoengine.com,Female,65.230.33.60
229,Denney,Rubroe,drubroe6c@dmoz.org,Male,53.46.243.169
230,Quintin,Postan,qpostan6d@tuttocitta.it,Male,145.16.196.75
231,Sara-ann,Imore,simore6e@comsenz.com,Female,58.65.139.244
232,Leeann,Bondar,lbondar6f@joomla.org,Female,106.210.240.116
233,Gearard,Cauldwell,gcauldwell6g@europa.eu,Male,109.96.174.150
234,Ibrahim,Grime,igrime6h@ebay.co.uk,Male,3.122.24.52
235,Hayden,Hatherleigh,hhatherleigh6i@flavors.me,Male,49.113.91.50
236,Ambrosio,Roxburgh,aroxburgh6j@answers.com,Male,171.187.209.48
237,Iosep,Housin,ihousin6k@cpanel.net,Male,154.202.165.90
238,Sadie,Cordy,scordy6l@a8.net,Female,3.32.125.234
239,Elihu,Twelvetree,etwelvetree6m@loc.gov,Male,208.151.130.189
240,Ludovico,Bayston,lbayston6n@examiner.com,Male,85.253.68.116
241,Mahmoud,Madgwick,mmadgwick6o@tripod.com,Male,187.171.152.226
242,Bron,Prantl,bprantl6p@zdnet.com,Male,177.52.82.60
243,Ermanno,Jendrich,ejendrich6q@hugedomains.com,Male,71.42.135.248
244,Carlyn,Nafziger,cnafziger6r@netscape.com,Female,33.111.108.69
245,Hieronymus,Essel,hessel6s@jugem.jp,Male,197.224.94.39
246,Alessandra,Dusting,adusting6t@loc.gov,Female,98.239.146.167
247,Steven,Poulden,spoulden6u@hao123.com,Male,120.195.130.105
248,Bing,Puttan,bputtan6v@linkedin.com,Male,213.69.6.244
249,Kennan,Cereceres,kcereceres6w@miibeian.gov.cn,Male,230.180.96.177
250,Nyssa,Portlock,nportlock6x@scientificamerican.com,Female,63.115.163.143
251,Adriaens,Dartan,adartan6y@prnewswire.com,Female,61.151.221.5
252,Grantham,Monckman,gmonckman6z@google.com.hk,Male,240.163.24.228
253,Vincents,Cufflin,vcufflin70@1und1.de,Male,42.103.113.33
254,Jenifer,Dodson,jdodson71@mlb.com,Female,102.55.45.217
255,Kirbie,Coetzee,kcoetzee72@tmall.com,Female,84.16.19.139
256,Kendell,Broske,kbroske73@wisc.edu,Male,65.224.241.30
257,Kissee,Liffey,kliffey74@yandex.ru,Female,74.163.2.22
258,Alex,Ghidelli,aghidelli75@jalbum.net,Male,178.105.10.223
259,Efrem,Wrightson,ewrightson76@gnu.org,Male,60.26.167.134
260,Jeffrey,Jest,jjest77@alibaba.com,Male,232.142.3.201
261,Pattie,Trahair,ptrahair78@intel.com,Female,32.206.156.140
262,Claudina,Reedshaw,creedshaw79@blogspot.com,Female,89.244.241.95
263,Nickola,Geerdts,ngeerdts7a@unesco.org,Male,11.139.59.39
264,Keefe,Hurler,khurler7b@scientificamerican.com,Male,172.133.116.105
265,Irwinn,Smitten,ismitten7c@forbes.com,Male,167.100.123.219
266,Natka,Menego,nmenego7d@ycombinator.com,Female,64.219.154.220
267,Blondy,Barthelemy,bbarthelemy7e@quantcast.com,Female,158.51.35.187
268,Lorain,Tomasoni,ltomasoni7f@mapquest.com,Female,77.34.207.102
269,Shina,Caple,scaple7g@rambler.ru,Female,42.67.141.181
270,Ryley,Daviddi,rdaviddi7h@businesswire.com,Male,107.87.80.190
271,Giffard,Dornin,gdornin7i@sourceforge.net,Male,97.49.81.129
272,Ev,McMenamin,emcmenamin7j@dailymail.co.uk,Male,219.86.215.196
273,Harrie,Backe,hbacke7k@flickr.com,Female,70.237.102.142
274,Clerkclaude,Thon,cthon7l@flavors.me,Male,91.239.212.8
275,Cara,Ruppert,cruppert7m@virginia.edu,Female,126.170.155.241
276,Adriaens,Gloster,agloster7n@princeton.edu,Female,39.161.225.66
277,Suki,Kinloch,skinloch7o@cnbc.com,Female,240.245.113.8
278,Jasen,Vaissiere,jvaissiere7p@globo.com,Male,176.188.166.48
279,Cal,Fiddy,cfiddy7q@shutterfly.com,Male,128.253.144.93
280,Ewen,Richie,erichie7r@tuttocitta.it,Male,215.49.243.168
281,Cathi,Sandes,csandes7s@phoca.cz,Female,253.7.175.229
282,Elissa,Pettigrew,epettigrew7t@cbc.ca,Female,74.33.18.41
283,Sigvard,Leneve,sleneve7u@storify.com,Male,127.129.225.188
284,Pris,Gillbanks,pgillbanks7v@bizjournals.com,Female,237.181.190.101
285,Tan,Geach,tgeach7w@skype.com,Male,243.126.146.185
286,Maurene,Fawcitt,mfawcitt7x@wikimedia.org,Female,217.229.229.115
287,Faber,Kiloh,fkiloh7y@spiegel.de,Male,108.199.123.254
288,Chelsie,Renon,crenon7z@japanpost.jp,Female,144.246.134.111
289,Simone,Paten,spaten80@who.int,Female,202.49.112.58
290,Luciana,Heddy,lheddy81@discovery.com,Female,206.124.30.46
291,Caryl,Thowless,cthowless82@lycos.com,Female,178.253.80.221
292,Katy,Dallicott,kdallicott83@amazon.com,Female,18.28.94.178
293,Olenolin,Byforth,obyforth84@livejournal.com,Male,163.218.232.6
294,Virginie,Avory,vavory85@blogtalkradio.com,Female,15.180.99.143
295,Lesli,Havile,lhavile86@tumblr.com,Female,222.213.116.178
296,Lotta,Rudderham,lrudderham87@google.com.hk,Female,39.194.241.22
297,Cara,Tretwell,ctretwell88@who.int,Female,133.249.222.241
298,Janela,Dorman,jdorman89@washington.edu,Female,54.172.53.239
299,Kenna,Thowes,kthowes8a@google.nl,Female,96.229.156.14
300,Gayle,Farmer,gfarmer8b@patch.com,Female,108.173.112.148
301,Kev,Beviss,kbeviss8c@gizmodo.com,Male,175.81.169.124
302,Rivalee,Milmith,rmilmith8d@parallels.com,Female,149.166.193.39
303,Nils,O'Cridigan,nocridigan8e@yandex.ru,Male,184.155.37.19
304,Lorens,Castle,lcastle8f@flavors.me,Male,229.98.147.213
305,Kaspar,Banville,kbanville8g@booking.com,Male,128.204.195.1
306,Olvan,Greggersen,ogreggersen8h@constantcontact.com,Male,54.164.120.74
307,Tabby,Fontaine,tfontaine8i@constantcontact.com,Male,204.70.2.234
308,Luigi,Burberow,lburberow8j@buzzfeed.com,Male,49.87.68.214
309,Damara,Ell,dell8k@go.com,Female,101.5.183.206
310,Truda,Jewks,tjewks8l@yale.edu,Female,196.255.6.219
311,Burgess,Fabbri,bfabbri8m@is.gd,Male,73.53.85.99
312,Conny,Gillitt,cgillitt8n@buzzfeed.com,Male,92.242.190.141
313,Gerick,Dakhov,gdakhov8o@webs.com,Male,137.247.121.78
314,Shaine,Hupe,shupe8p@storify.com,Male,179.249.13.245
315,Aurea,Lynd,alynd8q@yelp.com,Female,148.200.40.79
316,Alaine,Belden,abelden8r@istockphoto.com,Female,234.67.157.142
317,Elsa,Plascott,eplascott8s@edublogs.org,Female,145.128.187.11
318,Cathy,Sneller,csneller8t@zdnet.com,Female,0.213.72.3
319,Wilburt,Tweedell,wtweedell8u@washington.edu,Male,120.216.3.192
320,Barbabra,Durber,bdurber8v@google.ca,Female,151.170.33.214
321,Emma,Alstead,ealstead8w@slate.com,Female,54.250.199.214
322,Sayres,Fearey,sfearey8x@blogger.com,Male,133.153.142.70
323,Leticia,Littlemore,llittlemore8y@free.fr,Female,147.156.89.95
324,Maribeth,Darque,mdarque8z@purevolume.com,Female,13.161.237.91
325,Earl,Hakewell,ehakewell90@bloomberg.com,Male,82.177.244.117
326,Kalie,Tellenbroker,ktellenbroker91@reddit.com,Female,69.234.98.47
327,Karie,Witcher,kwitcher92@yellowbook.com,Female,0.43.141.123
328,Sandro,Donohue,sdonohue93@soup.io,Male,112.194.170.75
329,Lethia,Edghinn,ledghinn94@merriam-webster.com,Female,233.186.179.170
330,Querida,Torrent,qtorrent95@over-blog.com,Female,68.213.47.68
331,Phillida,McGilleghole,pmcgilleghole96@typepad.com,Female,129.73.34.141
332,Kent,Jersch,kjersch97@businesswire.com,Male,220.81.58.194
333,Khalil,Asaaf,kasaaf98@acquirethisname.com,Male,255.231.29.198
334,Faustine,Stearndale,fstearndale99@wikispaces.com,Female,253.68.10.102
335,Elena,Pouck,epouck9a@bizjournals.com,Female,77.57.228.244
336,Faydra,Impy,fimpy9b@samsung.com,Female,48.129.63.206
337,Otho,Grizard,ogrizard9c@amazon.co.jp,Male,69.39.57.253
338,Nelli,Wheowall,nwheowall9d@sohu.com,Female,7.59.69.252
339,Loella,Brinicombe,lbrinicombe9e@amazon.co.uk,Female,179.17.54.113
340,Cobb,Seamark,cseamark9f@howstuffworks.com,Male,115.166.168.219
341,Samuele,Donnachie,sdonnachie9g@npr.org,Male,142.46.84.252
342,Tracy,Cakebread,tcakebread9h@edublogs.org,Male,70.19.223.43
343,Sascha,Statersfield,sstatersfield9i@state.gov,Male,75.2.111.136
344,Cele,Jancic,cjancic9j@fotki.com,Female,233.229.135.194
345,Hussein,Hammerberg,hhammerberg9k@springer.com,Male,200.197.179.7
346,Aloysius,Blakeman,ablakeman9l@bloomberg.com,Male,209.24.201.30
347,Katrina,Bettanay,kbettanay9m@shareasale.com,Female,143.56.89.17
348,Leoine,Trobridge,ltrobridge9n@answers.com,Female,47.88.106.125
349,Pavla,Dollen,pdollen9o@businessinsider.com,Female,113.188.3.161
350,Virgie,Inkster,vinkster9p@opera.com,Male,252.5.14.144
351,Claire,Gabe,cgabe9q@theguardian.com,Male,98.158.197.193
352,Michelina,Danher,mdanher9r@mtv.com,Female,145.15.234.85
353,Kali,MacNamee,kmacnamee9s@behance.net,Female,211.103.187.28
354,Ailee,Storr,astorr9t@businessweek.com,Female,4.132.103.248
355,Hernando,Cutten,hcutten9u@theatlantic.com,Male,173.224.7.105
356,Dori,Gayther,dgayther9v@buzzfeed.com,Female,59.57.137.89
357,Neil,Smouten,nsmouten9w@utexas.edu,Male,33.133.0.57
358,Jennica,MacCartney,jmaccartney9x@liveinternet.ru,Female,17.33.216.255
359,Renault,Stone Fewings,rstonefewings9y@163.com,Male,99.178.9.102
360,Felipe,Cochrane,fcochrane9z@reverbnation.com,Male,169.228.57.233
361,Ardelle,Manhood,amanhooda0@wix.com,Female,7.144.221.63
362,Bria,Gates,bgatesa1@salon.com,Female,130.254.81.167
363,Sabrina,Carslake,scarslakea2@squidoo.com,Female,235.255.153.245
364,Kaylil,Stanaway,kstanawaya3@edublogs.org,Female,170.75.210.246
365,Mickie,Kelemen,mkelemena4@people.com.cn,Male,0.233.236.130
366,Torre,Endricci,tendriccia5@1688.com,Male,253.201.124.219
367,Genvieve,Tatters,gtattersa6@weather.com,Female,107.178.64.67
368,Phyllys,Critcher,pcritchera7@instagram.com,Female,120.227.69.71
369,Gnni,Brownsill,gbrownsilla8@narod.ru,Female,177.11.176.140
370,Rhody,Sadd,rsadda9@diigo.com,Female,187.206.1.133
371,Dewitt,Martinelli,dmartinelliaa@home.pl,Male,153.139.36.147
372,Inger,Dilke,idilkeab@fastcompany.com,Male,249.243.7.24
373,Rene,Ivancevic,rivancevicac@ucoz.ru,Male,139.107.92.95
374,Artie,Lapsley,alapsleyad@google.pl,Male,34.253.95.160
375,Xever,Augustus,xaugustusae@army.mil,Male,248.198.60.141
376,Birch,Shreve,bshreveaf@abc.net.au,Male,186.246.140.94
377,Siana,Omond,somondag@networksolutions.com,Female,35.216.189.216
378,Iris,Winspar,iwinsparah@bloomberg.com,Female,141.89.156.169
379,Pernell,Baswall,pbaswallai@hhs.gov,Male,171.1.147.156
380,Aldin,Kyston,akystonaj@disqus.com,Male,167.92.43.154
381,Ashlie,Miguet,amiguetak@seesaa.net,Female,240.125.122.82
382,Omar,Casino,ocasinoal@ed.gov,Male,54.65.254.26
383,Jon,Potier,jpotieram@cargocollective.com,Male,131.190.117.87
384,Arielle,Pedrocco,apedroccoan@census.gov,Female,167.91.8.206
385,Reinaldo,Chaytor,rchaytorao@lycos.com,Male,38.21.249.70
386,Ignaz,Ogers,iogersap@fda.gov,Male,178.77.168.28
387,Filia,Snaith,fsnaithaq@plala.or.jp,Female,149.229.147.44
388,Evangelina,Castells,ecastellsar@pen.io,Female,128.154.58.56
389,Mariel,Burcombe,mburcombeas@statcounter.com,Female,160.124.194.106
390,Winston,Clemence,wclemenceat@nydailynews.com,Male,241.92.60.76
391,Anjela,Kinworthy,akinworthyau@opera.com,Female,147.214.7.147
392,Albertine,Fulks,afulksav@samsung.com,Female,219.58.212.215
393,Nissa,Lofts,nloftsaw@google.nl,Female,45.173.31.29
394,Jerrie,Moorcroft,jmoorcroftax@hud.gov,Female,188.39.110.235
395,Sibylle,Edridge,sedridgeay@oakley.com,Female,59.133.97.86
396,Arlie,Mapston,amapstonaz@elpais.com,Female,2.214.156.235
397,Johann,McChesney,jmcchesneyb0@studiopress.com,Male,165.245.88.207
398,Shepard,Twiggs,stwiggsb1@icq.com,Male,235.116.189.74
399,Ruddie,Margetts,rmargettsb2@statcounter.com,Male,129.203.141.71
400,Andrei,Ingleton,aingletonb3@harvard.edu,Female,117.177.218.214
401,Eartha,Satchell,esatchellb4@netvibes.com,Female,29.23.159.177
402,Fanny,Kelbie,fkelbieb5@spiegel.de,Female,122.141.162.173
403,Claire,Dullingham,cdullinghamb6@tinyurl.com,Female,194.179.25.27
404,Mair,Hurlin,mhurlinb7@reddit.com,Female,10.91.96.133
405,Bunny,Bythway,bbythwayb8@vinaora.com,Female,176.243.244.79
406,Ferd,Sainer,fsainerb9@sourceforge.net,Male,147.232.70.54
407,Anthiathia,Cockson,acocksonba@printfriendly.com,Female,85.190.137.182
408,Bobinette,Hehl,bhehlbb@globo.com,Female,53.249.220.31
409,Garner,Alpine,galpinebc@admin.ch,Male,42.99.67.137
410,Filmer,Engel,fengelbd@cdbaby.com,Male,194.133.222.35
411,Nicola,Petrolli,npetrollibe@vimeo.com,Male,39.51.146.57
412,Thedric,Belton,tbeltonbf@globo.com,Male,48.113.1.219
413,Saxon,Gallahar,sgallaharbg@gizmodo.com,Male,90.144.136.131
414,Allianora,Losty,alostybh@lulu.com,Female,169.89.218.32
415,Kaleb,Cloney,kcloneybi@mapquest.com,Male,58.68.189.170
416,Oliver,Gerrelt,ogerreltbj@imageshack.us,Male,20.198.89.46
417,Pascale,Whitty,pwhittybk@123-reg.co.uk,Male,255.209.20.219
418,Bondon,Heyns,bheynsbl@nih.gov,Male,195.195.35.144
419,Lizbeth,Hebblewaite,lhebblewaitebm@mlb.com,Female,187.144.58.205
420,Codee,Gillott,cgillottbn@abc.net.au,Female,10.194.150.164
421,Garwood,Edscer,gedscerbo@cisco.com,Male,255.184.232.88
422,Syd,Schutter,sschutterbp@reverbnation.com,Male,114.69.203.123
423,Kathe,D'Hooghe,kdhooghebq@cisco.com,Female,164.19.225.150
424,Taffy,Le land,tlelandbr@hexun.com,Female,156.172.67.229
425,Bordie,Cudmore,bcudmorebs@mapy.cz,Male,128.131.131.145
426,Morty,Lilian,mlilianbt@yandex.ru,Male,165.169.237.100
427,Garwin,Wigmore,gwigmorebu@aboutads.info,Male,57.97.244.70
428,Bendix,Nuss,bnussbv@pagesperso-orange.fr,Male,253.178.142.94
429,Hadrian,Easdon,heasdonbw@google.it,Male,92.124.130.184
430,Elvis,Glasard,eglasardbx@apple.com,Male,23.194.232.144
431,Amandy,Bernhardi,abernhardiby@howstuffworks.com,Female,84.160.168.82
432,Ula,Cordero,ucorderobz@t-online.de,Female,240.55.193.33
433,Kara-lynn,Rheaume,krheaumec0@state.tx.us,Female,40.106.127.135
434,Klement,Hollingshead,khollingsheadc1@dmoz.org,Male,112.185.177.137
435,Hobey,Curdell,hcurdellc2@4shared.com,Male,227.106.154.121
436,Mose,Pawlowicz,mpawlowiczc3@shinystat.com,Male,147.224.56.52
437,Shaun,Grisedale,sgrisedalec4@cbsnews.com,Male,54.9.56.222
438,Allie,Nelm,anelmc5@abc.net.au,Female,38.45.24.99
439,Bordy,Cavnor,bcavnorc6@surveymonkey.com,Male,27.90.165.142
440,Leese,Carncross,lcarncrossc7@netvibes.com,Female,121.211.145.213
441,Thomasine,Mueller,tmuellerc8@ucoz.com,Female,126.177.138.38
442,Jacquenette,Romanet,jromanetc9@ucsd.edu,Female,2.24.247.163
443,Lenna,Jurasek,ljurasekca@wp.com,Female,59.48.129.224
444,Taber,Ertel,tertelcb@symantec.com,Male,103.2.85.200
445,Beck,Filyakov,bfilyakovcc@yahoo.com,Male,232.92.177.177
446,Darice,Hartmann,dhartmanncd@t.co,Female,78.65.175.21
447,Winna,Arthur,warthurce@mozilla.com,Female,188.191.123.14
448,Orlan,Shakespeare,oshakespearecf@flickr.com,Male,80.233.251.72
449,Debra,Norheny,dnorhenycg@dion.ne.jp,Female,82.131.14.66
450,Herold,Maplestone,hmaplestonech@weebly.com,Male,123.234.110.27
451,Clem,Stoite,cstoiteci@patch.com,Female,246.94.212.56
452,Hersh,Pilmer,hpilmercj@time.com,Male,173.233.1.154
453,Nobe,Enevold,nenevoldck@moonfruit.com,Male,111.172.5.169
454,Izzy,Ragbourn,iragbourncl@china.com.cn,Male,203.247.150.93
455,Boyd,Southcomb,bsouthcombcm@gizmodo.com,Male,14.253.221.214
456,Lonnard,Glaum,lglaumcn@google.de,Male,69.245.119.65
457,Yard,Longrigg,ylongriggco@go.com,Male,98.243.20.91
458,Lowrance,Gannan,lgannancp@stumbleupon.com,Male,249.242.146.221
459,Neysa,Bompass,nbompasscq@hubpages.com,Female,75.95.94.237
460,Junina,Craven,jcravencr@wikimedia.org,Female,129.159.156.247
461,Odille,Suddick,osuddickcs@github.com,Female,102.133.195.142
462,Monique,McMakin,mmcmakinct@51.la,Female,118.207.226.35
463,Kayle,Haversham,khavershamcu@theglobeandmail.com,Female,84.62.170.152
464,Phillis,Brocklehurst,pbrocklehurstcv@mashable.com,Female,50.233.229.87
465,Onofredo,Alp,oalpcw@miitbeian.gov.cn,Male,95.200.127.182
466,Elset,Breache,ebreachecx@posterous.com,Female,95.226.99.143
467,Hildegaard,Simonato,hsimonatocy@dailymotion.com,Female,2.11.139.148
468,Chiarra,Tailour,ctailourcz@yolasite.com,Female,149.0.45.254
469,Rudy,Kareman,rkaremand0@sciencedirect.com,Male,230.194.173.5
470,Josephina,Berr,jberrd1@squarespace.com,Female,219.188.209.118
471,Rebecka,Offner,roffnerd2@huffingtonpost.com,Female,255.87.59.157
472,Dedra,Drought,ddroughtd3@t-online.de,Female,191.245.195.59
473,Elnore,Hubbins,ehubbinsd4@yolasite.com,Female,116.68.26.154
474,Emogene,Airey,eaireyd5@mayoclinic.com,Female,79.74.157.49
475,Dasya,MacBean,dmacbeand6@github.io,Female,187.193.212.225
476,Brandy,Cornwall,bcornwalld7@hostgator.com,Female,107.200.139.39
477,Mallory,Franz,mfranzd8@over-blog.com,Female,113.140.98.93
478,Darice,Pawlaczyk,dpawlaczykd9@amazon.co.jp,Female,127.205.76.132
479,Kassey,Perceval,kpercevalda@ox.ac.uk,Female,59.50.236.241
480,Wash,Grindrod,wgrindroddb@berkeley.edu,Male,159.31.79.117
481,Sterling,Gregoriou,sgregorioudc@nasa.gov,Male,241.138.17.255
482,Hadrian,Vassel,hvasseldd@state.gov,Male,11.0.222.87
483,Tiff,Lissemore,tlissemorede@opera.com,Female,232.76.87.46
484,Florence,Hedge,fhedgedf@reverbnation.com,Female,60.76.129.36
485,Dorise,Hadden,dhaddendg@techcrunch.com,Female,36.142.109.218
486,Lara,Purcell,lpurcelldh@cpanel.net,Female,183.139.198.62
487,Andrew,O' Donohue,aodonohuedi@reddit.com,Male,83.225.133.141
488,Callida,Scoffins,cscoffinsdj@ft.com,Female,14.82.192.191
489,Ruprecht,Grimestone,rgrimestonedk@google.ru,Male,5.6.200.203
490,Micheil,Filinkov,mfilinkovdl@home.pl,Male,128.53.169.34
491,Merwyn,Tesseyman,mtesseymandm@sciencedaily.com,Male,39.230.147.204
492,Flin,Wasteney,fwasteneydn@wsj.com,Male,246.55.233.207
493,Lexis,de Guise,ldeguisedo@creativecommons.org,Female,117.34.176.175
494,Judah,Speddin,jspeddindp@illinois.edu,Male,85.243.162.21
495,Bing,Padell,bpadelldq@youtube.com,Male,45.196.172.195
496,Cob,Graine,cgrainedr@yelp.com,Male,198.255.216.71
497,Merline,D'Hooge,mdhoogeds@woothemes.com,Female,8.60.236.62
498,Joaquin,Ewell,jewelldt@oaic.gov.au,Male,36.139.249.229
499,Kalvin,Emmanuel,kemmanueldu@nih.gov,Male,83.31.177.225
500,Jacqui,Litzmann,jlitzmanndv@hibu.com,Female,152.244.0.102
501,Goraud,Fritche,gfritchedw@salon.com,Male,151.86.204.170
502,Mariellen,Worrill,mworrilldx@ycombinator.com,Female,184.217.154.88
503,Bram,Ovendon,bovendondy@freewebs.com,Male,15.204.127.202
504,Mickie,Dovidaitis,mdovidaitisdz@virginia.edu,Female,38.250.235.252
505,Leona,Goretti,lgorettie0@nsw.gov.au,Female,159.239.142.244
506,Hughie,Vankin,hvankine1@comcast.net,Male,235.208.89.211
507,Christian,Swyndley,cswyndleye2@phpbb.com,Female,133.198.218.181
508,Jordain,Khilkov,jkhilkove3@networkadvertising.org,Female,2.70.41.246
509,Sherie,Rubinovici,srubinovicie4@mozilla.org,Female,151.129.75.52
510,Sawyer,Risely,sriselye5@youku.com,Male,46.114.111.140
511,Caritta,Jozwik,cjozwike6@liveinternet.ru,Female,102.184.235.107
512,Tamiko,Schoffler,tschofflere7@reference.com,Female,141.159.234.166
513,Linn,Daughton,ldaughtone8@hud.gov,Male,231.218.29.19
514,Estella,Adamov,eadamove9@icio.us,Female,64.181.32.217
515,Hamlin,Abrahamoff,habrahamoffea@dyndns.org,Male,7.88.191.131
516,Tamara,Elen,teleneb@cbsnews.com,Female,7.120.224.108
517,Brandise,Virr,bvirrec@google.it,Female,169.112.69.27
518,Mohandas,Caso,mcasoed@google.pl,Male,248.239.40.236
519,Inglis,Jewster,ijewsteree@google.com.au,Male,54.20.208.110
520,Arri,Oldam,aoldamef@imageshack.us,Male,199.130.26.96
521,Russell,Friend,rfriendeg@spiegel.de,Male,134.6.65.69
522,Clevie,Lacknor,clacknoreh@wikia.com,Male,251.141.131.220
523,Demetria,Franseco,dfransecoei@shop-pro.jp,Female,219.64.220.28
524,Westbrooke,Bellocht,wbellochtej@nbcnews.com,Male,120.3.120.154
525,Milo,Bottrill,mbottrillek@studiopress.com,Male,134.16.130.228
526,Woodrow,Wadie,wwadieel@cbsnews.com,Male,67.109.5.24
527,Efrem,Trynor,etrynorem@economist.com,Male,18.210.88.63
528,Clark,Duckworth,cduckworthen@squarespace.com,Male,139.67.128.81
529,Pip,Impson,pimpsoneo@1und1.de,Male,9.255.143.59
530,Alisun,Crumb,acrumbep@salon.com,Female,20.74.94.151
531,Tiebout,Poulglais,tpoulglaiseq@cbslocal.com,Male,185.141.248.121
532,Alain,Boch,abocher@xing.com,Male,209.101.12.205
533,Cassandre,Manoelli,cmanoellies@yahoo.co.jp,Female,154.72.63.32
534,Sosanna,Banke,sbankeet@salon.com,Female,70.181.41.186
535,Dagmar,McGarrity,dmcgarrityeu@ehow.com,Female,107.42.51.227
536,Anabel,Fresson,afressonev@tumblr.com,Female,42.96.211.156
537,Valentine,Pires,vpiresew@tinypic.com,Male,51.130.159.229
538,Dani,Baynom,dbaynomex@cbc.ca,Female,149.156.201.206
539,Viva,Pryke,vprykeey@domainmarket.com,Female,141.7.210.106
540,Genevra,Conibere,gconibereez@is.gd,Female,53.110.241.245
541,Simeon,Foldes,sfoldesf0@google.com.au,Male,47.35.114.181
542,Ronald,Barlace,rbarlacef1@wordpress.com,Male,91.74.77.120
543,Erhard,Waber,ewaberf2@about.me,Male,65.211.118.189
544,Cher,Fritter,cfritterf3@nature.com,Female,81.52.69.94
545,Umberto,Beadham,ubeadhamf4@fc2.com,Male,138.101.39.166
546,Mufinella,Cinnamond,mcinnamondf5@github.com,Female,85.87.149.179
547,Stu,Scotsbrook,sscotsbrookf6@usgs.gov,Male,165.32.101.103
548,Hermon,Leheude,hleheudef7@is.gd,Male,182.233.28.141
549,Aurilia,Carrel,acarrelf8@hugedomains.com,Female,142.65.251.13
550,Josiah,Kalkofen,jkalkofenf9@blogtalkradio.com,Male,230.186.136.150
551,Mame,Snoddon,msnoddonfa@japanpost.jp,Female,29.43.110.8
552,Seumas,Mulhall,smulhallfb@tmall.com,Male,241.179.118.140
553,Asa,Vassano,avassanofc@marketwatch.com,Male,248.128.46.1
554,Esdras,Grombridge,egrombridgefd@mysql.com,Male,6.238.216.58
555,Sasha,Lambswood,slambswoodfe@addthis.com,Female,192.178.0.144
556,Haskel,Gluyus,hgluyusff@purevolume.com,Male,203.0.235.137
557,Berky,Lago,blagofg@boston.com,Male,123.247.176.199
558,Lance,Jako,ljakofh@youtube.com,Male,115.77.152.106
559,Vilma,Hensmans,vhensmansfi@ehow.com,Female,202.100.83.30
560,Tommie,Benadette,tbenadettefj@github.com,Male,207.52.110.176
561,Ricoriki,Onraet,ronraetfk@earthlink.net,Male,73.53.47.178
562,Jon,Newsham,jnewshamfl@studiopress.com,Male,122.189.24.236
563,Currey,Le Marchant,clemarchantfm@weibo.com,Male,33.149.62.234
564,Mae,Teasell,mteasellfn@cbslocal.com,Female,68.16.21.240
565,Eldridge,Peyes,epeyesfo@is.gd,Male,12.118.252.43
566,Delaney,Heasman,dheasmanfp@behance.net,Male,151.16.163.47
567,Moises,Prestney,mprestneyfq@icio.us,Male,248.251.92.97
568,Cesya,Bland,cblandfr@comcast.net,Female,207.226.132.8
569,Ash,Buckell,abuckellfs@hhs.gov,Male,97.11.23.174
570,Rozalie,Pedrozzi,rpedrozzift@symantec.com,Female,49.18.53.124
571,Melessa,Matussow,mmatussowfu@arstechnica.com,Female,77.242.173.221
572,Kimbell,Stayt,kstaytfv@jimdo.com,Male,5.212.27.211
573,Astra,Matveyev,amatveyevfw@trellian.com,Female,219.223.185.103
574,Porter,Renouf,prenouffx@php.net,Male,22.205.49.159
575,Mireille,Wehnerr,mwehnerrfy@xinhuanet.com,Female,116.252.101.110
576,Byron,Frankum,bfrankumfz@naver.com,Male,61.18.174.14
577,Marley,Samet,msametg0@oracle.com,Female,100.84.123.203
578,Desmond,Wagon,dwagong1@techcrunch.com,Male,60.128.250.212
579,Grannie,Bathurst,gbathurstg2@webnode.com,Male,30.156.108.214
580,Kerwinn,Cattanach,kcattanachg3@hud.gov,Male,4.225.104.4
581,Carling,Sneaker,csneakerg4@china.com.cn,Male,171.86.150.42
582,Lovell,Giacomelli,lgiacomellig5@feedburner.com,Male,22.42.49.57
583,Aubrie,Trott,atrottg6@hibu.com,Female,170.162.161.62
584,Avigdor,Duffin,aduffing7@studiopress.com,Male,46.243.63.66
585,Lizzy,De Bellis,ldebellisg8@flickr.com,Female,126.221.111.69
586,Allyn,Klimt,aklimtg9@google.de,Male,160.224.219.44
587,Marget,Madders,mmaddersga@illinois.edu,Female,229.121.248.232
588,Griffith,Ceely,gceelygb@prnewswire.com,Male,192.26.12.205
589,Florence,Artis,fartisgc@whitehouse.gov,Female,211.232.203.54
590,Dame,Applin,dapplingd@ow.ly,Male,141.53.6.199
591,Milly,Gipps,mgippsge@squidoo.com,Female,122.243.205.207
592,Louella,Tims,ltimsgf@storify.com,Female,229.25.141.31
593,Osbourn,Medmore,omedmoregg@lycos.com,Male,113.12.1.116
594,Charley,Augustus,caugustusgh@mail.ru,Male,71.138.239.25
595,Rhianna,Cupitt,rcupittgi@google.co.jp,Female,150.242.204.193
596,Ranna,Zaple,rzaplegj@cdc.gov,Female,143.102.31.100
597,Ruddy,Freeborn,rfreeborngk@telegraph.co.uk,Male,170.112.114.172
598,Ulysses,Barreau,ubarreaugl@wiley.com,Male,212.31.234.125
599,Levy,Drissell,ldrissellgm@vistaprint.com,Male,250.23.177.127
600,Georgena,Goldine,ggoldinegn@hao123.com,Female,62.112.89.18
601,Bryce,Slimon,bslimongo@cbc.ca,Male,27.89.12.97
602,Beth,Abrahm,babrahmgp@google.com.hk,Female,70.232.207.186
603,Faye,Stit,fstitgq@admin.ch,Female,95.217.210.12
604,Laurene,Cunniam,lcunniamgr@slideshare.net,Female,0.77.75.205
605,Tyler,Sailor,tsailorgs@epa.gov,Male,135.187.74.237
606,Christie,Favela,cfavelagt@uiuc.edu,Female,188.40.27.41
607,Raeann,Frankham,rfrankhamgu@ted.com,Female,196.151.88.243
608,Briney,Haker,bhakergv@altervista.org,Female,119.87.233.208
609,Abie,Coyett,acoyettgw@amazon.co.uk,Male,147.206.248.72
610,Ogden,Werrett,owerrettgx@amazon.de,Male,187.91.126.139
611,Hube,Gulley,hgulleygy@addtoany.com,Male,190.0.163.213
612,Harry,Samsonsen,hsamsonsengz@theatlantic.com,Male,204.100.212.58
613,Bari,Joost,bjoosth0@wunderground.com,Female,234.198.148.255
614,Marley,Ellingsworth,mellingsworthh1@jalbum.net,Female,151.212.230.219
615,Chevy,Klebes,cklebesh2@hibu.com,Male,237.92.14.244
616,Vinny,Constantinou,vconstantinouh3@google.ru,Male,140.195.23.55
617,Everard,Argue,eargueh4@google.com.hk,Male,101.80.141.140
618,Arlene,Tipple,atippleh5@icq.com,Female,138.153.199.53
619,Colly,Greim,cgreimh6@upenn.edu,Female,79.57.175.33
620,Phebe,Camblin,pcamblinh7@nih.gov,Female,5.40.130.210
621,Jory,Eat,jeath8@senate.gov,Male,56.101.198.130
622,Seymour,Worswick,sworswickh9@elegantthemes.com,Male,136.193.170.94
623,Tiffanie,Minchinton,tminchintonha@homestead.com,Female,238.0.92.230
624,Torrey,MacCartair,tmaccartairhb@miibeian.gov.cn,Male,57.63.143.43
625,Darbee,Paramore,dparamorehc@twitter.com,Male,75.98.152.35
626,Gerrie,Beller,gbellerhd@webmd.com,Male,86.70.149.206
627,Elaina,Kenan,ekenanhe@bbc.co.uk,Female,27.152.152.168
628,Bobbe,Vitet,bvitethf@soup.io,Female,158.24.152.234
629,Rea,Burchess,rburchesshg@tuttocitta.it,Female,50.101.253.45
630,Craggy,Maunton,cmauntonhh@g.co,Male,144.133.93.193
631,Chucho,Archbold,carchboldhi@columbia.edu,Male,64.185.166.253
632,Wanda,Meus,wmeushj@devhub.com,Female,18.17.31.183
633,Bev,Buckam,bbuckamhk@yandex.ru,Male,222.137.73.146
634,Colleen,McCreedy,cmccreedyhl@ameblo.jp,Female,0.180.23.74
635,Mollie,Biggar,mbiggarhm@nhs.uk,Female,72.96.116.69
636,Linell,Taggerty,ltaggertyhn@chronoengine.com,Female,217.239.244.128
637,Noni,Rossbrook,nrossbrookho@sbwire.com,Female,217.244.101.235
638,Konstantin,Clewlow,kclewlowhp@huffingtonpost.com,Male,97.28.177.141
639,Myriam,Anderson,mandersonhq@mashable.com,Female,174.237.219.183
640,Chancey,Hallibone,challibonehr@prweb.com,Male,37.161.178.199
641,Rolf,Aggs,raggshs@t.co,Male,105.46.48.15
642,Rafferty,Fifoot,rfifootht@canalblog.com,Male,231.93.94.169
643,Reade,Terry,rterryhu@github.com,Male,149.24.116.157
644,Rebecka,Beal,rbealhv@so-net.ne.jp,Female,214.252.177.94
645,Lisha,Crawforth,lcrawforthhw@nps.gov,Female,155.8.169.67
646,Alicia,Dabbes,adabbeshx@reference.com,Female,105.5.213.9
647,Kaine,Feilden,kfeildenhy@cpanel.net,Male,148.254.123.18
648,Mitch,Shackel,mshackelhz@angelfire.com,Male,25.206.206.176
649,Dulcine,Brelsford,dbrelsfordi0@sbwire.com,Female,244.123.112.246
650,Chadd,Pahl,cpahli1@theatlantic.com,Male,254.231.92.204
651,Sabrina,Dumphry,sdumphryi2@independent.co.uk,Female,164.2.121.89
652,Moina,McCalister,mmccalisteri3@pinterest.com,Female,218.64.53.252
653,Carlotta,Axtonne,caxtonnei4@wikipedia.org,Female,168.199.77.17
654,Falkner,Vosper,fvosperi5@shareasale.com,Male,190.0.251.74
655,Yoshiko,Gurdon,ygurdoni6@auda.org.au,Female,128.199.152.44
656,Tessa,Peagrim,tpeagrimi7@odnoklassniki.ru,Female,73.245.31.179
657,Kaycee,Elington,kelingtoni8@msu.edu,Female,235.22.145.81
658,Gisela,Skellorne,gskellornei9@mayoclinic.com,Female,94.79.181.123
659,Brand,Simko,bsimkoia@nps.gov,Male,116.63.56.47
660,Eleanora,Mowne,emowneib@hatena.ne.jp,Female,150.48.185.126
661,Shannan,Amorine,samorineic@opensource.org,Male,249.198.3.156
662,Zelig,Blindermann,zblindermannid@typepad.com,Male,68.216.15.244
663,Carolin,Zanni,czanniie@cnbc.com,Female,205.165.76.139
664,Gaye,Alaway,galawayif@blogs.com,Female,97.171.180.181
665,Jaymie,Quartermaine,jquartermaineig@yellowpages.com,Male,178.245.96.244
666,Meta,Frise,mfriseih@mit.edu,Female,164.193.245.239
667,Letizia,Hains,lhainsii@nsw.gov.au,Female,190.130.142.250
668,Quentin,Budding,qbuddingij@google.ru,Female,140.128.106.116
669,Britt,Filipiak,bfilipiakik@chicagotribune.com,Male,50.220.44.214
670,Nils,Di Frisco,ndifriscoil@squidoo.com,Male,216.194.39.64
671,Rafi,Emmot,remmotim@i2i.jp,Male,26.55.220.167
672,Vilma,Canby,vcanbyin@state.tx.us,Female,59.26.254.101
673,Thor,Shepherdson,tshepherdsonio@dailymotion.com,Male,85.39.85.13
674,Anton,Hiscoke,ahiscokeip@senate.gov,Male,238.32.195.228
675,Sherry,Shiril,sshiriliq@ustream.tv,Female,234.74.142.219
676,Ibrahim,Collihole,icolliholeir@blogs.com,Male,18.37.250.101
677,Ramsey,Texton,rtextonis@webs.com,Male,81.174.2.103
678,Cesaro,Roskeilly,croskeillyit@cloudflare.com,Male,105.228.143.233
679,Vickie,Quarterman,vquartermaniu@reverbnation.com,Female,165.227.64.121
680,Myrlene,McRavey,mmcraveyiv@t-online.de,Female,233.30.154.6
681,Keven,Costigan,kcostiganiw@addtoany.com,Male,230.169.183.249
682,Neddy,Huxley,nhuxleyix@vistaprint.com,Male,231.55.125.199
683,Fredric,Waby,fwabyiy@mac.com,Male,127.32.57.201
684,Fallon,Zecchinii,fzecchiniiiz@weebly.com,Female,167.52.199.246
685,Harp,Sitlington,hsitlingtonj0@unc.edu,Male,88.219.168.24
686,Nelly,Benninger,nbenningerj1@usgs.gov,Female,222.11.185.65
687,Morlee,Gitthouse,mgitthousej2@tamu.edu,Male,161.6.23.15
688,Cecile,Throssell,cthrossellj3@gizmodo.com,Female,152.96.148.93
689,Linn,Gorler,lgorlerj4@umn.edu,Male,69.39.255.20
690,Carny,Synan,csynanj5@google.fr,Male,63.118.35.119
691,Juliann,Moakes,jmoakesj6@amazon.com,Female,76.189.49.82
692,Langston,Southam,lsouthamj7@angelfire.com,Male,176.219.126.65
693,Gloriane,Gelletly,ggelletlyj8@myspace.com,Female,51.138.254.8
694,Debbi,Goulthorp,dgoulthorpj9@google.com,Female,22.68.55.112
695,Shir,Dudley,sdudleyja@exblog.jp,Female,47.38.76.126
696,Selby,Bowart,sbowartjb@berkeley.edu,Male,10.233.107.192
697,Arlyne,Rickcord,arickcordjc@imgur.com,Female,192.82.161.146
698,Haleigh,Allman,hallmanjd@goo.ne.jp,Male,70.62.104.184
699,Fulton,Russel,frusselje@cam.ac.uk,Male,123.201.179.88
700,Eldin,McCaughey,emccaugheyjf@addtoany.com,Male,120.8.81.165
701,Doyle,Ravel,draveljg@telegraph.co.uk,Male,60.152.69.10
702,Rori,Reardon,rreardonjh@fc2.com,Female,93.84.191.99
703,Martelle,Perring,mperringji@skype.com,Female,220.228.148.108
704,Ainsley,Harses,aharsesjj@printfriendly.com,Female,15.19.30.250
705,Cory,Lafontaine,clafontainejk@whitehouse.gov,Male,203.115.64.249
706,Nancey,Prover,nproverjl@123-reg.co.uk,Female,222.218.200.144
707,Cchaddie,Kidman,ckidmanjm@accuweather.com,Male,205.190.176.31
708,Shalom,Scholl,sscholljn@theguardian.com,Male,95.106.155.42
709,Rubie,Havill,rhavilljo@soundcloud.com,Female,156.81.31.165
710,Fabiano,Insko,finskojp@google.co.jp,Male,31.154.221.253
711,Kristofer,Seid,kseidjq@paginegialle.it,Male,148.91.64.216
712,Michal,Fettiplace,mfettiplacejr@geocities.com,Male,140.23.131.60
713,Baldwin,Bewsey,bbewseyjs@bizjournals.com,Male,63.154.112.188
714,Filippo,Dy,fdyjt@jalbum.net,Male,156.11.132.11
715,Kit,Lappin,klappinju@nyu.edu,Male,23.15.200.74
716,Stacy,Fowls,sfowlsjv@youku.com,Male,2.197.123.226
717,Heddie,Serchwell,hserchwelljw@marketwatch.com,Female,120.142.153.110
718,Enrique,Fishe,efishejx@twitter.com,Male,57.150.173.180
719,Gonzalo,Annets,gannetsjy@twitpic.com,Male,104.177.104.124
720,Linc,Minchinton,lminchintonjz@digg.com,Male,205.150.213.131
721,Cassius,Pedley,cpedleyk0@yahoo.co.jp,Male,53.165.126.100
722,Fons,Bigglestone,fbigglestonek1@accuweather.com,Male,196.110.242.73
723,Tonia,Plane,tplanek2@tripadvisor.com,Female,163.152.181.36
724,Trina,Spick,tspickk3@abc.net.au,Female,205.77.68.64
725,Jacenta,Ector,jectork4@thetimes.co.uk,Female,251.183.108.219
726,Cora,Imlen,cimlenk5@newyorker.com,Female,161.146.173.179
727,Amity,Sharply,asharplyk6@umn.edu,Female,199.94.121.127
728,Robbie,De Blasio,rdeblasiok7@diigo.com,Male,240.213.128.113
729,Corty,Dinsell,cdinsellk8@sakura.ne.jp,Male,133.37.71.56
730,Fredek,Wildor,fwildork9@multiply.com,Male,204.169.128.111
731,Lonnie,Brogden,lbrogdenka@facebook.com,Male,122.159.224.231
732,Codi,Raincin,craincinkb@mashable.com,Female,214.143.82.91
733,Alysia,Gloy,agloykc@rakuten.co.jp,Female,223.19.248.139
734,Carolus,Stoggell,cstoggellkd@uol.com.br,Male,131.154.93.46
735,Happy,Tweddell,htweddellke@ibm.com,Female,164.242.172.49
736,Maurene,Bunson,mbunsonkf@delicious.com,Female,117.139.236.79
737,Virginia,Lammin,vlamminkg@icio.us,Female,124.86.244.224
738,Peta,Varren,pvarrenkh@1und1.de,Female,169.252.179.46
739,Forrester,Kennaway,fkennawayki@diigo.com,Male,64.88.233.17
740,Dominga,Goaley,dgoaleykj@reference.com,Female,70.4.208.236
741,Wolf,Belford,wbelfordkk@multiply.com,Male,85.102.80.198
742,Bentlee,Boag,bboagkl@ca.gov,Male,118.4.100.255
743,Dud,Whild,dwhildkm@mit.edu,Male,161.46.18.55
744,Charil,Gillio,cgilliokn@reference.com,Female,105.52.177.148
745,Powell,Kibel,pkibelko@infoseek.co.jp,Male,60.192.206.176
746,Wanids,Reims,wreimskp@seesaa.net,Female,101.33.196.254
747,Tess,Dragonette,tdragonettekq@gizmodo.com,Female,71.167.94.164
748,Brion,Casiero,bcasierokr@wikispaces.com,Male,3.108.28.22
749,Gabi,Coffey,gcoffeyks@yolasite.com,Male,177.222.127.64
750,Henrik,Amys,hamyskt@nbcnews.com,Male,176.102.98.20
751,Lonni,Lillecrop,llillecropku@cnn.com,Female,212.161.245.203
752,Judi,Sallan,jsallankv@t.co,Female,36.244.72.63
753,Freeman,Gadault,fgadaultkw@vinaora.com,Male,38.175.81.244
754,Stillmann,Tanswell,stanswellkx@spiegel.de,Male,14.33.106.140
755,Kamillah,Wraith,kwraithky@phoca.cz,Female,124.31.123.57
756,Bentlee,Whannel,bwhannelkz@howstuffworks.com,Male,61.170.3.27
757,Rinaldo,Chmarny,rchmarnyl0@sfgate.com,Male,237.111.26.127
758,Loreen,Seabrocke,lseabrockel1@vistaprint.com,Female,194.79.66.117
759,Timoteo,Fanshaw,tfanshawl2@forbes.com,Male,153.248.135.16
760,Corrina,Bagster,cbagsterl3@census.gov,Female,224.236.222.79
761,Stavros,Tutt,stuttl4@go.com,Male,118.119.218.60
762,Melamie,Kahler,mkahlerl5@ow.ly,Female,9.79.16.61
763,Kiele,Tranter,ktranterl6@princeton.edu,Female,86.190.30.125
764,Kai,Standbrooke,kstandbrookel7@bluehost.com,Female,179.218.86.13
765,Gilbertina,Pallent,gpallentl8@wordpress.org,Female,23.133.89.9
766,Sibilla,Ivashov,sivashovl9@sciencedaily.com,Female,63.105.107.176
767,Bonnibelle,Broose,bbroosela@harvard.edu,Female,165.147.227.250
768,Lebbie,Havercroft,lhavercroftlb@woothemes.com,Female,91.34.196.104
769,Anne,Smidmor,asmidmorlc@networkadvertising.org,Female,62.109.119.172
770,Shirline,Pawlyn,spawlynld@wikimedia.org,Female,43.30.30.47
771,Bernardo,Uttley,buttleyle@mozilla.org,Male,158.51.68.57
772,Hunter,Micklewicz,hmicklewiczlf@blogger.com,Male,51.23.151.235
773,Cori,Verni,cvernilg@yolasite.com,Male,26.210.176.181
774,Rog,Tolworthie,rtolworthielh@nba.com,Male,254.189.118.94
775,Fonsie,Jedras,fjedrasli@sbwire.com,Male,13.100.145.11
776,Olly,Alkins,oalkinslj@t.co,Male,100.63.210.25
777,Umberto,Fache,ufachelk@vinaora.com,Male,13.50.184.143
778,Kelwin,Kiehl,kkiehlll@ted.com,Male,133.75.149.53
779,Mattias,Durrant,mdurrantlm@themeforest.net,Male,84.21.30.136
780,Raquela,Dene,rdeneln@cdc.gov,Female,214.236.37.16
781,Louisa,Dablin,ldablinlo@admin.ch,Female,57.43.225.122
782,Billy,St. Queintain,bstqueintainlp@instagram.com,Male,1.81.91.180
783,Jewelle,Gladdor,jgladdorlq@storify.com,Female,56.56.211.120
784,Monroe,Perchard,mperchardlr@epa.gov,Male,119.203.157.88
785,Vitia,Ziemens,vziemensls@hud.gov,Female,117.112.184.32
786,Cyrillus,Christensen,cchristensenlt@ted.com,Male,194.27.55.114
787,Marjorie,Trenfield,mtrenfieldlu@blogger.com,Female,67.121.187.140
788,Rosalinde,Garfit,rgarfitlv@tripadvisor.com,Female,199.149.230.11
789,Rhody,Van Baaren,rvanbaarenlw@cloudflare.com,Female,71.205.252.192
790,Care,Vinsen,cvinsenlx@edublogs.org,Male,240.165.71.86
791,Julina,Du Plantier,jduplantierly@ft.com,Female,136.47.57.194
792,Benton,Widdall,bwiddalllz@skype.com,Male,201.207.203.109
793,Margareta,Wey,mweym0@webmd.com,Female,252.67.203.160
794,Erhard,Syphus,esyphusm1@printfriendly.com,Male,178.119.136.99
795,Lind,Niccols,lniccolsm2@printfriendly.com,Female,150.32.225.184
796,Grissel,Aguirre,gaguirrem3@unicef.org,Female,133.159.40.83
797,Deb,Sergeaunt,dsergeauntm4@domainmarket.com,Female,30.2.6.32
798,Sabra,Tondeur,stondeurm5@mysql.com,Female,31.112.134.147
799,Lynda,MacNaughton,lmacnaughtonm6@alexa.com,Female,36.241.171.240
800,Birgitta,Lillecrap,blillecrapm7@wired.com,Female,178.228.190.217
801,Wilmer,Zapater,wzapaterm8@google.pl,Male,86.66.86.31
802,Trueman,Shearmer,tshearmerm9@bizjournals.com,Male,246.245.100.184
803,Marjorie,Hoggan,mhogganma@springer.com,Female,87.134.0.222
804,Jennifer,Bisacre,jbisacremb@aol.com,Female,254.10.205.19
805,Vi,Dutteridge,vdutteridgemc@nih.gov,Female,167.226.167.208
806,Dougy,Lorek,dlorekmd@ted.com,Male,241.252.196.23
807,Mart,Challes,mchallesme@google.com.au,Male,65.181.86.235
808,Jolyn,Dorward,jdorwardmf@miibeian.gov.cn,Female,244.225.240.70
809,Evyn,Dmych,edmychmg@wix.com,Male,55.72.93.121
810,Terrie,Kupke,tkupkemh@msn.com,Female,123.148.80.215
811,Kristel,Bosche,kboschemi@newsvine.com,Female,10.67.79.68
812,Gerick,Britnell,gbritnellmj@japanpost.jp,Male,210.152.248.29
813,Randal,Balsdone,rbalsdonemk@skype.com,Male,70.119.135.128
814,Jorry,Lillegard,jlillegardml@independent.co.uk,Female,76.91.244.63
815,Thomasa,Drinkwater,tdrinkwatermm@msn.com,Female,141.252.32.50
816,Bord,Bearfoot,bbearfootmn@java.com,Male,133.22.35.27
817,Lindsy,Carrick,lcarrickmo@wsj.com,Female,126.92.180.53
818,Inglebert,Hatton,ihattonmp@nsw.gov.au,Male,24.190.226.222
819,Clement,Yerson,cyersonmq@devhub.com,Male,209.228.37.140
820,Octavia,Harry,oharrymr@npr.org,Female,39.169.183.43
821,Damien,Vasyunkin,dvasyunkinms@virginia.edu,Male,10.187.60.52
822,Deva,Gainseford,dgainsefordmt@addtoany.com,Female,186.110.100.254
823,Haskell,Keelinge,hkeelingemu@va.gov,Male,190.209.36.32
824,Sabina,Trebbett,strebbettmv@state.tx.us,Female,14.220.0.223
825,Ethelred,Pring,epringmw@google.co.jp,Male,19.87.195.176
826,Howard,Harsum,hharsummx@google.it,Male,167.63.42.122
827,Putnam,Wernher,pwernhermy@unblog.fr,Male,128.169.62.128
828,Roley,Zouch,rzouchmz@cafepress.com,Male,191.10.97.196
829,Cindee,Chambers,cchambersn0@spotify.com,Female,38.204.185.223
830,Gamaliel,Corteney,gcorteneyn1@reuters.com,Male,218.224.161.244
831,Gerhardine,Barras,gbarrasn2@tiny.cc,Female,162.190.237.255
832,Freddie,Dmitrievski,fdmitrievskin3@chicagotribune.com,Female,185.117.10.25
833,Mark,Christophers,mchristophersn4@bluehost.com,Male,231.7.163.25
834,Esta,Aulds,eauldsn5@technorati.com,Female,142.20.102.35
835,Devon,Simmell,dsimmelln6@skype.com,Female,182.91.245.71
836,Abraham,Hens,ahensn7@mediafire.com,Male,162.54.130.209
837,Esmeralda,MacRonald,emacronaldn8@squarespace.com,Female,104.95.159.124
838,Ashlen,McAulay,amcaulayn9@printfriendly.com,Female,238.17.19.243
839,Jennifer,Killigrew,jkilligrewna@merriam-webster.com,Female,222.126.187.19
840,Chicky,Putton,cputtonnb@mediafire.com,Male,0.24.156.244
841,Caroline,Foulks,cfoulksnc@elegantthemes.com,Female,113.115.58.99
842,Caroline,Whorall,cwhorallnd@altervista.org,Female,9.226.38.178
843,Job,Mousdall,jmousdallne@berkeley.edu,Male,244.181.147.199
844,Jessee,Learmouth,jlearmouthnf@microsoft.com,Male,23.163.239.182
845,Monique,Brimham,mbrimhamng@princeton.edu,Female,60.57.66.161
846,Kelley,Cheesman,kcheesmannh@1688.com,Male,97.177.22.107
847,Arvy,Fraczek,afraczekni@unesco.org,Male,235.144.54.1
848,Taber,Hollingsbee,thollingsbeenj@i2i.jp,Male,78.78.161.52
849,Monti,Lidgley,mlidgleynk@businesswire.com,Male,244.103.3.38
850,Perry,Titcumb,ptitcumbnl@cam.ac.uk,Female,104.151.237.66
851,Ailyn,Tilford,atilfordnm@clickbank.net,Female,85.227.31.159
852,Andris,Hitzschke,ahitzschkenn@army.mil,Male,230.85.5.144
853,Selie,Ferrandez,sferrandezno@163.com,Female,163.160.191.56
854,Granger,Grumbridge,ggrumbridgenp@accuweather.com,Male,39.8.67.86
855,Leonid,Agiolfinger,lagiolfingernq@etsy.com,Male,253.117.100.217
856,Chrystal,O' Molan,comolannr@behance.net,Female,78.251.117.49
857,Brandyn,Van Dalen,bvandalenns@gmpg.org,Male,42.39.109.236
858,Ashil,Sommerland,asommerlandnt@nationalgeographic.com,Female,93.25.216.100
859,Halette,Thoumas,hthoumasnu@mayoclinic.com,Female,19.165.109.23
860,Francis,Giblin,fgiblinnv@wikimedia.org,Male,244.10.40.183
861,Burt,Dinneges,bdinnegesnw@indiegogo.com,Male,65.115.211.71
862,Guillaume,Mossdale,gmossdalenx@businessinsider.com,Male,53.244.232.172
863,Leena,Penny,lpennyny@bandcamp.com,Female,3.206.73.10
864,Massimo,Webby,mwebbynz@nymag.com,Male,134.12.222.237
865,Rafa,Rugieri,rrugierio0@bravesites.com,Female,145.234.0.168
866,Kylynn,Hartgill,khartgillo1@printfriendly.com,Female,229.225.54.153
867,Alexi,Waldock,awaldocko2@tmall.com,Female,32.103.179.158
868,Courtenay,Backson,cbacksono3@cnbc.com,Female,61.50.53.155
869,Sheena,Greenhalgh,sgreenhalgho4@berkeley.edu,Female,23.52.41.242
870,Una,Loseke,ulosekeo5@mac.com,Female,152.97.223.20
871,Brandais,Crawcour,bcrawcouro6@cyberchimps.com,Female,25.140.103.217
872,Pat,Costock,pcostocko7@accuweather.com,Male,222.50.172.127
873,Briant,Hallbird,bhallbirdo8@altervista.org,Male,97.159.37.58
874,Augy,Rene,areneo9@wiley.com,Male,45.10.60.229
875,Fania,Reckhouse,freckhouseoa@irs.gov,Female,45.222.84.70
876,Rubi,Cumberlidge,rcumberlidgeob@thetimes.co.uk,Female,124.190.111.97
877,Joleen,Wimmer,jwimmeroc@quantcast.com,Female,163.56.50.8
878,Townie,Carberry,tcarberryod@twitter.com,Male,66.103.255.45
879,Zerk,Chenery,zcheneryoe@unesco.org,Male,206.212.95.136
880,Ewart,Leyrroyd,eleyrroydof@flavors.me,Male,118.253.154.187
881,Burton,Ort,bortog@ted.com,Male,105.45.157.222
882,Levon,Thayre,lthayreoh@myspace.com,Male,204.140.178.3
883,Marlon,Forlong,mforlongoi@biglobe.ne.jp,Male,204.123.50.116
884,Erna,Stainburn,estainburnoj@github.io,Female,179.154.126.125
885,Baxy,Hawkswell,bhawkswellok@altervista.org,Male,183.39.147.84
886,Nonie,Cocksedge,ncocksedgeol@ucsd.edu,Female,144.120.207.37
887,Shawnee,Dalzell,sdalzellom@google.ru,Female,107.62.242.121
888,Vinnie,Mazzia,vmazziaon@blogtalkradio.com,Male,51.102.149.131
889,Neddie,Urlich,nurlichoo@free.fr,Male,95.143.192.97
890,Waite,Shafier,wshafierop@tamu.edu,Male,193.51.168.79
891,Baxy,Wyllis,bwyllisoq@amazon.co.jp,Male,165.83.208.38
892,Clemmy,Chat,cchator@geocities.com,Female,23.52.48.99
893,Ernaline,Sandeson,esandesonos@com.com,Female,119.120.193.132
894,Annadiana,Robbings,arobbingsot@liveinternet.ru,Female,32.58.87.117
895,Meredeth,Linfoot,mlinfootou@microsoft.com,Male,82.27.139.112
896,Jose,Mallen,jmallenov@census.gov,Male,3.47.182.212
897,Ralf,Grimes,rgrimesow@lulu.com,Male,130.46.147.17
898,Zulema,Anespie,zanespieox@nationalgeographic.com,Female,206.98.30.102
899,Salomone,Elston,selstonoy@e-recht24.de,Male,244.203.13.103
900,Ulrick,Wilsdon,uwilsdonoz@oracle.com,Male,63.135.185.229
901,Aldridge,Sissens,asissensp0@home.pl,Male,2.22.120.40
902,Linus,Jannaway,ljannawayp1@bbc.co.uk,Male,158.38.62.200
903,Cleveland,Jumont,cjumontp2@ezinearticles.com,Male,58.134.133.173
904,Kliment,Gowland,kgowlandp3@usnews.com,Male,109.39.33.136
905,Esma,Baudry,ebaudryp4@ucsd.edu,Female,159.81.157.160
906,Thekla,Lowth,tlowthp5@plala.or.jp,Female,36.87.133.252
907,Eb,Hedgecock,ehedgecockp6@nps.gov,Male,138.49.139.126
908,Guido,Sauven,gsauvenp7@about.com,Male,79.45.123.109
909,Brnaby,Ellin,bellinp8@answers.com,Male,155.152.143.110
910,Court,Vergine,cverginep9@aboutads.info,Male,148.81.101.60
911,Jamie,Choppen,jchoppenpa@multiply.com,Male,103.153.155.194
912,Johannes,Imore,jimorepb@amazonaws.com,Male,60.156.59.148
913,Consuelo,Rany,cranypc@seesaa.net,Female,143.235.154.200
914,Jon,Milnthorpe,jmilnthorpepd@comsenz.com,Male,247.239.4.244
915,Karim,Higgan,khigganpe@delicious.com,Male,130.143.144.211
916,Rube,Madge,rmadgepf@altervista.org,Male,142.9.182.7
917,Norby,Carhart,ncarhartpg@ed.gov,Male,54.124.187.210
918,Fara,Delahunty,fdelahuntyph@shop-pro.jp,Female,89.9.152.148
919,Hillie,Joysey,hjoyseypi@wix.com,Male,143.164.114.226
920,Amii,Bernardotti,abernardottipj@shutterfly.com,Female,36.236.221.16
921,Oralla,Heino,oheinopk@soundcloud.com,Female,122.55.78.236
922,Nadean,Nutton,nnuttonpl@myspace.com,Female,204.172.77.96
923,Sashenka,St Clair,sstclairpm@printfriendly.com,Female,223.113.8.238
924,Kennedy,Cochern,kcochernpn@slate.com,Male,232.77.200.80
925,Octavius,Nuttey,onutteypo@a8.net,Male,219.42.139.93
926,Donal,Seal,dsealpp@scientificamerican.com,Male,140.79.173.226
927,Dennis,Toffetto,dtoffettopq@cargocollective.com,Male,228.121.221.229
928,Anjanette,Corry,acorrypr@weebly.com,Female,247.154.99.239
929,Amandy,Revie,arevieps@qq.com,Female,192.5.234.51
930,Buffy,Humbey,bhumbeypt@chron.com,Female,185.55.11.91
931,Janeen,Priest,jpriestpu@nih.gov,Female,238.80.240.99
932,Fanni,Randles,frandlespv@about.com,Female,104.63.34.123
933,Celine,McCrorie,cmccroriepw@angelfire.com,Female,80.134.229.22
934,Elisha,Tuxwell,etuxwellpx@house.gov,Female,155.75.58.16
935,Andris,Trumpeter,atrumpeterpy@jalbum.net,Male,218.46.104.184
936,Morris,Conwell,mconwellpz@trellian.com,Male,198.151.90.69
937,Marmaduke,Michie,mmichieq0@netscape.com,Male,19.245.139.64
938,Nomi,Tuckley,ntuckleyq1@51.la,Female,174.126.164.242
939,Danyelle,Tocher,dtocherq2@ed.gov,Female,21.220.234.20
940,Darrel,Casillis,dcasillisq3@google.com.au,Male,131.164.193.199
941,Ailbert,Povey,apoveyq4@google.cn,Male,120.185.210.88
942,Wadsworth,Beefon,wbeefonq5@ebay.co.uk,Male,80.53.219.143
943,Jessa,Imorts,jimortsq6@slate.com,Female,177.50.2.138
944,Findley,Bulfit,fbulfitq7@myspace.com,Male,234.15.72.227
945,Morgen,McCaskell,mmccaskellq8@rakuten.co.jp,Male,206.178.110.12
946,Dolores,Izac,dizacq9@posterous.com,Female,251.164.54.228
947,Jacqueline,Abrey,jabreyqa@cisco.com,Female,71.237.249.94
948,Dexter,McGillivrie,dmcgillivrieqb@github.io,Male,20.244.204.218
949,Annalee,Rangeley,arangeleyqc@virginia.edu,Female,179.162.159.75
950,Andrej,Filde,afildeqd@lycos.com,Male,91.2.114.68
951,Kala,Craker,kcrakerqe@nsw.gov.au,Female,57.132.101.166
952,Karel,McLise,kmcliseqf@spotify.com,Male,112.151.69.127
953,Hunfredo,Myrick,hmyrickqg@yale.edu,Male,15.134.65.199
954,Megan,Redsell,mredsellqh@go.com,Female,95.92.97.27
955,Valaria,Alcock,valcockqi@wikimedia.org,Female,222.125.254.92
956,Dolf,Lorain,dlorainqj@usnews.com,Male,192.122.191.242
957,Lezley,Gritsunov,lgritsunovqk@com.com,Male,115.135.107.189
958,Ad,St. John,astjohnql@flavors.me,Male,7.111.166.242
959,Althea,Tucsell,atucsellqm@unicef.org,Female,225.204.122.253
960,Anders,Pepi,apepiqn@seesaa.net,Male,106.120.16.185
961,Norri,Loche,nlocheqo@wikispaces.com,Female,86.162.204.252
962,King,Mell,kmellqp@1688.com,Male,250.60.207.109
963,Christoph,Ioan,cioanqq@cornell.edu,Male,93.0.175.10
964,Jordana,Pitkethly,jpitkethlyqr@google.com.hk,Female,131.80.118.24
965,Maurice,Carey,mcareyqs@prnewswire.com,Male,220.161.231.2
966,Kippie,Dumbreck,kdumbreckqt@4shared.com,Male,94.121.177.23
967,Maurits,Raybould,mraybouldqu@youtu.be,Male,35.3.77.168
968,Dreddy,Lancastle,dlancastleqv@netlog.com,Female,54.40.52.177
969,Cara,Costell,ccostellqw@ycombinator.com,Female,78.227.58.238
970,Benoit,Clappison,bclappisonqx@abc.net.au,Male,31.78.110.92
971,Delmer,Allden,dalldenqy@sciencedaily.com,Male,229.232.80.231
972,Annelise,Frow,afrowqz@loc.gov,Female,156.195.223.204
973,Borden,Whitaker,bwhitakerr0@meetup.com,Male,238.144.2.229
974,Morissa,Perchard,mperchardr1@arstechnica.com,Female,161.74.167.228
975,Dennie,Ruddock,druddockr2@omniture.com,Female,3.255.2.41
976,Revkah,Jeskin,rjeskinr3@lulu.com,Female,49.149.29.101
977,Stephenie,Huot,shuotr4@nyu.edu,Female,151.162.85.252
978,Ariel,Bollans,abollansr5@lulu.com,Male,49.83.41.124
979,Kaleb,Rouby,kroubyr6@senate.gov,Male,93.125.29.169
980,Marisa,Martindale,mmartindaler7@mtv.com,Female,44.165.11.143
981,Gwendolin,Coleshill,gcoleshillr8@arstechnica.com,Female,252.234.253.120
982,Base,Jackett,bjackettr9@discuz.net,Male,63.171.91.230
983,Alisander,Longworthy,alongworthyra@google.com.br,Male,254.143.133.115
984,Temple,Gosden,tgosdenrb@prlog.org,Male,232.196.17.79
985,Zola,Hamfleet,zhamfleetrc@cpanel.net,Female,1.17.170.247
986,Holmes,Clemon,hclemonrd@time.com,Male,105.117.92.3
987,Stanfield,Weine,sweinere@moonfruit.com,Male,218.45.6.235
988,Tallie,Boow,tboowrf@wikispaces.com,Male,126.122.255.222
989,Claretta,Emanuelov,cemanuelovrg@i2i.jp,Female,108.5.41.57
990,Terrill,Diehn,tdiehnrh@delicious.com,Male,198.114.125.42
991,Stacy,Hudel,shudelri@earthlink.net,Male,228.30.184.209
992,Ellerey,Synnot,esynnotrj@liveinternet.ru,Male,48.174.32.242
993,Cathi,De Beauchemp,cdebeauchemprk@prweb.com,Female,131.247.72.18
994,Shelba,Friary,sfriaryrl@example.com,Female,162.231.38.51
995,Dayle,Gillhespy,dgillhespyrm@guardian.co.uk,Female,236.230.150.132
996,Malinda,Whilder,mwhilderrn@ovh.net,Female,157.166.242.15
997,Jehu,Seaward,jseawardro@walmart.com,Male,116.165.61.19
998,Diego,Cordelet,dcordeletrp@sohu.com,Male,173.169.187.209
999,Chandler,Bricksey,cbrickseyrq@webs.com,Male,57.49.215.168
1000,Syman,Cicconettii,scicconettiirr@fema.gov,Male,175.0.22.153
